Workbook

Sheet Assumptions
B2: TCO Analysis — Assumptions
B4: Canon PIXMA G3770 (Inkjet) vs HP Color LaserJet Pro MFP 3303fdw (Laser)
B6: Assumption | C6: Value
B7: Comparison period (years) | C7: 5
B8: Pages printed per week | C8: 750
B9: Weeks per year | C9: 52
B10: Power-on time per week (hours) | C10: 40
B11: Colour / B&W page split | C11: 0.5
B12: Electricity rate (S$ per kWh) | C12: 0.3478
B13: Paper price per ream (500 sheets, S$) | C13: 7.5
B14: Sheets per ream | C14: 500
B15: % of powered-on time actively printing | C15: 0.4
B17: Note: the highlighted assumption above is a judgement call — printers are not printing continuously for the full 40 hrs/week, they idle between jobs. State and justify your own % in your written assumptions list (e.g. based on print speed, page volume, or your own reasoning).
B18: Derived Totals
B19: Total pages over comparison period | C19: =C8*C9*C7 -> 195000
B20: Reams of paper needed | C20: =ROUNDUP(C19/C14,0) -> 390
B21: Total paper cost (same for both printers) | C21: =C20*C13 -> 2925
B22: Black & white pages | C22: =C19*(1-C11) -> 97500
B23: Colour pages | C23: =C19*C11 -> 97500
B24: Total powered-on hours over period | C24: =C10*C9*C7 -> 10400
B25: Estimated active-printing hours | C25: =C24*C15 -> 4160
B26: Estimated idle/ready hours | C26: =C24-C25 -> 6240

Sheet Canon PIXMA G3770
B2: TCO Breakdown — Canon PIXMA G3770 (Inkjet)
B4: # | C4: Item Description | D4: Type | E4: Unit Price (S$) | F4: Units Consumed | G4: Total Cost (S$)
B5: 1 | C5: Printer unit | D5: Fixed | E5: 349 | F5: 1 | G5: =E5*F5 -> 349
B6: 2 | C6: Black ink/toner cartridge | D6: Variable | E6: 16 | F6: =ROUNDUP(Assumptions!$C$22/6000,0) -> 17 | G6: =E6*F6 -> 272
B7: 3 | C7: Cyan ink/toner cartridge | D7: Variable | E7: 15 | F7: =ROUNDUP(Assumptions!$C$23/7700,0) -> 13 | G7: =E7*F7 -> 195
B8: 4 | C8: Magenta ink/toner cartridge | D8: Variable | E8: 15 | F8: =ROUNDUP(Assumptions!$C$23/7700,0) -> 13 | G8: =E8*F8 -> 195
B9: 5 | C9: Yellow ink/toner cartridge | D9: Variable | E9: 15 | F9: =ROUNDUP(Assumptions!$C$23/7700,0) -> 13 | G9: =E9*F9 -> 195
B10: 6 | C10: A4 Paper (80gsm, 500 sheets/ream) | D10: Variable | E10: =Assumptions!$C$13 -> 7.5 | F10: =Assumptions!$C$20 -> 390 | G10: =E10*F10 -> 2925
B11: 7 | C11: Electricity — active printing (16W) | D11: Variable | E11: =Assumptions!$C$12 -> 0.3478 | F11: =Assumptions!$C$25*16/1000 -> 66.56 | G11: =E11*F11 -> 23.149568
B12: 8 | C12: Electricity — idle/ready (0.6W) | D12: Variable | E12: =Assumptions!$C$12 -> 0.3478 | F12: =Assumptions!$C$26*0.6/1000 -> 3.744 | G12: =E12*F12 -> 1.3021632
C14: Total Fixed Costs | G14: =SUMIF(D5:D12,"Fixed",G5:G12) -> 349
C15: Total Variable Costs | G15: =SUMIF(D5:D12,"Variable",G5:G12) -> 3806.4517
C16: GRAND TOTAL — TCO over 5 years | G16: =G14+G15 -> 4155.4517
C17: Cost per Page | G17: =G16/Assumptions!$C$19 -> 0.021310009

Sheet HP LaserJet Pro 3303fdw
B2: TCO Breakdown — HP Color LaserJet Pro MFP 3303fdw (Laser)
B4: # | C4: Item Description | D4: Type | E4: Unit Price (S$) | F4: Units Consumed | G4: Total Cost (S$)
B5: 1 | C5: Printer unit | D5: Fixed | E5: 809 | F5: 1 | G5: =E5*F5 -> 809
B6: 2 | C6: Black ink/toner cartridge | D6: Variable | E6: 97.9 | F6: =ROUNDUP(Assumptions!$C$22/1300,0) -> 75 | G6: =E6*F6 -> 7342.5
B7: 3 | C7: Cyan ink/toner cartridge | D7: Variable | E7: 116.7 | F7: =ROUNDUP(Assumptions!$C$23/1200,0) -> 82 | G7: =E7*F7 -> 9569.4
B8: 4 | C8: Magenta ink/toner cartridge | D8: Variable | E8: 116.7 | F8: =ROUNDUP(Assumptions!$C$23/1200,0) -> 82 | G8: =E8*F8 -> 9569.4
B9: 5 | C9: Yellow ink/toner cartridge | D9: Variable | E9: 116.7 | F9: =ROUNDUP(Assumptions!$C$23/1200,0) -> 82 | G9: =E9*F9 -> 9569.4
B10: 6 | C10: A4 Paper (80gsm, 500 sheets/ream) | D10: Variable | E10: =Assumptions!$C$13 -> 7.5 | F10: =Assumptions!$C$20 -> 390 | G10: =E10*F10 -> 2925
B11: 7 | C11: Electricity — active printing (416W) | D11: Variable | E11: =Assumptions!$C$12 -> 0.3478 | F11: =Assumptions!$C$25*416/1000 -> 1730.56 | G11: =E11*F11 -> 601.88877
B12: 8 | C12: Electricity — idle/ready (7.6W) | D12: Variable | E12: =Assumptions!$C$12 -> 0.3478 | F12: =Assumptions!$C$26*7.6/1000 -> 47.424 | G12: =E12*F12 -> 16.494067
C14: Total Fixed Costs | G14: =SUMIF(D5:D12,"Fixed",G5:G12) -> 809
C15: Total Variable Costs | G15: =SUMIF(D5:D12,"Variable",G5:G12) -> 39594.083
C16: GRAND TOTAL — TCO over 5 years | G16: =G14+G15 -> 40403.083
C17: Cost per Page | G17: =G16/Assumptions!$C$19 -> 0.2071953

Sheet Summary
B2: TCO Summary — Canon vs HP (5-Year Comparison)
B4: Metric | C4: Canon PIXMA G3770 | D4: HP LaserJet Pro 3303fdw
B5: Fixed Costs (S$) | C5: ='Canon PIXMA G3770'!G14 -> 349 | D5: ='HP LaserJet Pro 3303fdw'!G14 -> 809
B6: Variable Costs (S$) | C6: ='Canon PIXMA G3770'!G15 -> 3806.4517 | D6: ='HP LaserJet Pro 3303fdw'!G15 -> 39594.083
B7: Grand Total TCO (S$) | C7: ='Canon PIXMA G3770'!G16 -> 4155.4517 | D7: ='HP LaserJet Pro 3303fdw'!G16 -> 40403.083
B8: Cost per Page (S$) | C8: ='Canon PIXMA G3770'!G17 -> 0.021310009 | D8: ='HP LaserJet Pro 3303fdw'!G17 -> 0.2071953
B10: Lower-TCO printer | C10: =IF(C5+C6<D5+D6,"Canon PIXMA G3770","HP LaserJet Pro 3303fdw") -> Canon PIXMA G3770
B12: Remaining to-do: confirm/justify the 'active printing %' assumption on the Assumptions tab, then add your written reflection answering the lab brief's questions (which printer has lower TCO and why; would a 5 pages/week home user change the answer; qualitative factors; break-even point; workgroup printer priorities).
